<?xml version="1.0" encoding="windows-1251" standalone="yes" ?>
<triggers>

		<trigger Name="triggerExitToMap11" active="1">
		<event eventid="GE_OBJECT_ENTERS_LOCATION" ObjName="ToR1M1" />
		<script>
			local Plf = GetPlayerVehicle()
			Plf:SetThrottle( 0 )
			Plf:SetCustomLinearVelocity( 0 )

			local PlfID = GetPlayerVehicleId()
			local PlfCoor = Plf:GetPosition()
			PlfCoor.y = PlfCoor.y + 25*0.74
			PlfCoor.z = PlfCoor.z + 25*0.74

			local b = SpawnMessageBox( "8801" )
			if b == 1 then

				PassToMap("r1m1", "FromR8M1", -1 )
			else
				TActivate ("RolikExitToMap11")
			end
 		</script>
	</trigger>

	<trigger Name="RolikExitToMap11" active="0">
		<event eventid="GE_CINEMATIC_ENTER_FADE_IN" ObjName="Player1" />
		<script>
			RotationPlayerByPoints(CVector(getPos("ToR1M1")), CVector(getPos("FromR1M1")))
			GetPlayerVehicle():SetGamePositionOnGround(CVector(getPos("FromR1M1")))

			trigger:Deactivate()    
		</script>
	</trigger>

	<trigger Name="triggerExitToMap40" active="1">
		<event eventid="GE_OBJECT_ENTERS_LOCATION" ObjName="ToR4M0" />
		<script>
			local Plf = GetPlayerVehicle()
			Plf:SetThrottle( 0 )
			Plf:SetCustomLinearVelocity( 0 )

			local PlfID = GetPlayerVehicleId()
			local PlfCoor = Plf:GetPosition()
			PlfCoor.y = PlfCoor.y + 25*0.74
			PlfCoor.z = PlfCoor.z + 25*0.74

			local b = SpawnMessageBox( "8801" )
			if b == 1 then

				PassToMap("r4m0", "FromR8M1", -1 )
			else
				TActivate ("RolikExitToMap40")
			end
 		</script>
	</trigger>

	<trigger Name="RolikExitToMap40" active="0">
		<event eventid="GE_CINEMATIC_ENTER_FADE_IN" ObjName="Player1" />
		<script>
			RotationPlayerByPoints(CVector(getPos("ToR4M0")), CVector(getPos("FromR4M0")))
			GetPlayerVehicle():SetGamePositionOnGround(CVector(getPos("FromR4M0")))

			trigger:Deactivate()    
		</script>
	</trigger>


</triggers>