<?xml version="1.0" encoding="windows-1251" standalone="yes" ?>
<triggers>

    <trigger Name="triggerExitToMap20" active="1">
		<event eventid="GE_OBJECT_ENTERS_LOCATION" ObjName="ToR1M4" />
		<script>
			local Plf = GetPlayerVehicle()
			Plf:SetThrottle( 0 )
			Plf:SetCustomLinearVelocity( 0 )

			local PlfID = GetPlayerVehicleId()
			local PlfCoor = Plf:GetPosition()
			PlfCoor.y = PlfCoor.y + 25*0.74
			PlfCoor.z = PlfCoor.z + 25*0.74

			local b = SpawnMessageBox( "8801" )
			if b == 1 then

				PassToMap("r1m4", "FromR1M9", -1 )
			else
				TActivate ("RolikExitToMap20")
			end
 		</script>
	</trigger>
    
	<trigger Name="RolikExitToMap20" active="0">
		<event eventid="GE_CINEMATIC_ENTER_FADE_IN" ObjName="Player1" />
		<script>
			RotationPlayerByPoints(CVector(getPos("ToR1M4")), CVector(getPos("FromR1M4")))
			GetPlayerVehicle():SetGamePositionOnGround(CVector(getPos("FromR1M4")))

			trigger:Deactivate()    
		</script>
	</trigger>

</triggers>