<?xml version="1.0" encoding="windows-1251" standalone="yes" ?>
<Paths>
	<Path
		Name="BeforeDesert">
		<Point
			coord="4163.968 916.957" />

		<Point
			coord="4251.903 892.881" />

		<Point
			coord="4313.193 866.511" />
	</Path>

	<Path
		Name="BenSuic">
		<Point
			coord="3694.723 1796.952" />

		<Point
			coord="3729.116 1710.519" />

		<Point
			coord="3753.497 1594.063" />
	</Path>

	<Path
		Name="EndingPlWay1">
		<Point
			coord="2666.491 1092.554" />

		<Point
			coord="2616.812 1243.560" />

		<Point
			coord="2575.292 1443.292" />
	</Path>

	<Path
		Name="EndingPlWay2">
		<Point
			coord="2320.775 1815.834" />

		<Point
			coord="2262.519 1937.892" />

		<Point
			coord="2200.626 2262.652" />
	</Path>

	<Path
		Name="EndingPlWay3">
		<Point
			coord="2162.553 4478.453" />

		<Point
			coord="2119.459 4597.701" />

		<Point
			coord="2158.933 4713.054" />

		<Point
			coord="2187.273 4805.243" />

		<Point
			coord="2105.341 4903.341" />

		<Point
			coord="1906.899 5207.427" />
	</Path>

	<Path
		Name="EndingPlWay4">
		<Point
			coord="2411.619 6077.875" />

		<Point
			coord="2432.713 6220.903" />

		<Point
			coord="2399.825 6362.310" />

		<Point
			coord="2310.665 6495.235" />

		<Point
			coord="2264.021 6619.128" />

		<Point
			coord="2264.691 6965.324" />
	</Path>

	<Path
		Name="EndingPlWay5">
		<Point
			coord="2264.750 6942.542" />

		<Point
			coord="2394.633 7020.097" />

		<Point
			coord="2575.866 7079.402" />
	</Path>

	<Path
		Name="EndingPlWay6">
		<Point
			coord="2880.222 7148.054" />

		<Point
			coord="3098.313 7204.628" />
	</Path>

	<Path
		Name="GladiatorPath01">
		<Point
			coord="7056.885 3230.526" />

		<Point
			coord="7078.743 3341.999" />

		<Point
			coord="7130.085 3399.683" />

		<Point
			coord="7201.799 3417.651" />

		<Point
			coord="7244.941 3477.613" />
	</Path>

	<Path
		Name="Lisa_path01">
		<Point
			coord="5567.741 4416.677" />

		<Point
			coord="5600.378 4345.424" />

		<Point
			coord="5632.505 4189.274" />

		<Point
			coord="5618.299 4097.921" />

		<Point
			coord="5605.375 4068.046" />

		<Point
			coord="5517.574 3947.476" />

		<Point
			coord="5475.391 3882.888" />

		<Point
			coord="5381.089 3716.091" />

		<Point
			coord="5344.247 3649.714" />

		<Point
			coord="5293.661 3574.834" />

		<Point
			coord="5253.988 3536.730" />

		<Point
			coord="5190.853 3484.103" />

		<Point
			coord="5111.735 3442.786" />

		<Point
			coord="5061.450 3399.269" />

		<Point
			coord="5030.989 3350.152" />

		<Point
			coord="5027.804 3304.935" />

		<Point
			coord="5023.576 3269.720" />
	</Path>

	<Path
		Name="MtoP_path">
		<Point
			coord="4340.774 881.814" />

		<Point
			coord="4402.622 907.445" />

		<Point
			coord="4488.667 926.974" />

		<Point
			coord="4748.617 1079.746" />

		<Point
			coord="4786.975 1113.430" />

		<Point
			coord="4864.514 1211.543" />

		<Point
			coord="4981.313 1382.970" />

		<Point
			coord="4992.099 1462.753" />

		<Point
			coord="5043.246 1700.590" />

		<Point
			coord="5066.397 2035.328" />

		<Point
			coord="5078.047 2204.442" />

		<Point
			coord="5066.298 2289.209" />

		<Point
			coord="5046.529 2361.753" />

		<Point
			coord="4948.931 2539.067" />

		<Point
			coord="4938.698 2595.686" />

		<Point
			coord="4938.993 2645.820" />

		<Point
			coord="4922.829 2775.924" />

		<Point
			coord="4928.242 2844.603" />

		<Point
			coord="4960.773 2883.060" />

		<Point
			coord="5011.156 2959.353" />

		<Point
			coord="5043.768 3007.942" />

		<Point
			coord="5073.928 3044.793" />

		<Point
			coord="5084.939 3089.523" />

		<Point
			coord="5118.958 3361.990" />

		<Point
			coord="5139.043 3457.697" />

		<Point
			coord="5188.566 3483.036" />

		<Point
			coord="5286.400 3566.876" />

		<Point
			coord="5343.821 3646.590" />

		<Point
			coord="5403.515 3755.634" />

		<Point
			coord="5481.788 3892.806" />

		<Point
			coord="5665.156 4149.930" />

		<Point
			coord="5757.204 4250.100" />

		<Point
			coord="5951.489 4485.699" />

		<Point
			coord="6067.320 4632.715" />

		<Point
			coord="6200.979 4824.099" />

		<Point
			coord="6219.672 4898.941" />

		<Point
			coord="6261.153 4958.750" />

		<Point
			coord="6306.356 5049.760" />

		<Point
			coord="6337.230 5153.656" />

		<Point
			coord="6376.861 5285.128" />

		<Point
			coord="6459.830 5476.233" />

		<Point
			coord="6508.544 5590.284" />

		<Point
			coord="6589.841 5811.507" />

		<Point
			coord="6603.750 5910.652" />

		<Point
			coord="6621.963 5968.499" />

		<Point
			coord="6671.107 6052.991" />

		<Point
			coord="6739.181 6155.253" />

		<Point
			coord="6796.146 6261.722" />

		<Point
			coord="6812.628 6308.848" />

		<Point
			coord="6818.416 6443.703" />

		<Point
			coord="6799.950 6496.194" />

		<Point
			coord="6755.000 6508.646" />

		<Point
			coord="6750.845 6536.897" />

		<Point
			coord="6710.718 6550.893" />
	</Path>

	<Path
		Name="PlayerPreSuic">
		<Point
			coord="3268.435 7257.433" />
	</Path>

	<Path
		Name="PlayerSuic">
		<Point
			coord="3445.674 7336.631" />

		<Point
			coord="3594.284 7403.702" />
	</Path>

	<Path
		Name="Player_path01">
		<Point
			coord="5557.309 4412.402" />

		<Point
			coord="5590.824 4340.248" />

		<Point
			coord="5619.739 4191.137" />

		<Point
			coord="5599.556 4096.574" />

		<Point
			coord="5584.055 4062.052" />

		<Point
			coord="5541.152 4002.696" />

		<Point
			coord="5477.592 3909.381" />

		<Point
			coord="5457.924 3882.587" />

		<Point
			coord="5412.729 3797.010" />

		<Point
			coord="5363.289 3711.929" />

		<Point
			coord="5335.279 3660.064" />

		<Point
			coord="5285.729 3585.456" />

		<Point
			coord="5235.399 3538.416" />

		<Point
			coord="5178.952 3492.700" />

		<Point
			coord="5105.099 3452.922" />

		<Point
			coord="5070.444 3426.944" />

		<Point
			coord="5017.376 3365.566" />

		<Point
			coord="5013.671 3317.674" />

		<Point
			coord="5007.901 3265.069" />
	</Path>

	<Path
		Name="Player_path02">
		<Point
			coord="7064.399 3993.768" />

		<Point
			coord="7117.305 3669.436" />
	</Path>

	<Path
		Name="Player_path03">
		<Point
			coord="3790.681 1826.667" />
	</Path>

	<Path
		Name="PtoM_path">
		<Point
			coord="6822.016 6501.322" />

		<Point
			coord="6829.782 6444.258" />

		<Point
			coord="6819.896 6342.396" />

		<Point
			coord="6810.652 6302.498" />

		<Point
			coord="6793.679 6254.861" />

		<Point
			coord="6735.182 6149.215" />

		<Point
			coord="6658.665 6056.603" />

		<Point
			coord="6623.814 5997.495" />

		<Point
			coord="6589.146 5911.287" />

		<Point
			coord="6575.852 5818.563" />

		<Point
			coord="6555.960 5750.018" />

		<Point
			coord="6514.830 5642.665" />

		<Point
			coord="6444.621 5475.903" />

		<Point
			coord="6365.178 5293.875" />

		<Point
			coord="6334.438 5185.622" />

		<Point
			coord="6293.000 5049.439" />

		<Point
			coord="6248.325 4961.086" />

		<Point
			coord="6187.312 4828.209" />

		<Point
			coord="6064.018 4648.360" />

		<Point
			coord="5944.668 4497.653" />

		<Point
			coord="5885.985 4408.835" />

		<Point
			coord="5753.880 4246.182" />

		<Point
			coord="5660.403 4160.662" />

		<Point
			coord="5615.692 4104.212" />

		<Point
			coord="5484.682 3920.533" />

		<Point
			coord="5363.690 3713.804" />

		<Point
			coord="5281.271 3578.949" />

		<Point
			coord="5220.148 3522.904" />

		<Point
			coord="5157.420 3480.533" />

		<Point
			coord="5128.974 3418.198" />

		<Point
			coord="5117.457 3349.000" />

		<Point
			coord="5086.000 3080.876" />

		<Point
			coord="5058.051 3021.265" />

		<Point
			coord="5013.524 2967.130" />

		<Point
			coord="4907.792 2788.224" />

		<Point
			coord="4917.101 2705.206" />

		<Point
			coord="4925.695 2631.035" />

		<Point
			coord="4930.520 2558.461" />

		<Point
			coord="4970.306 2480.043" />

		<Point
			coord="5034.671 2359.320" />

		<Point
			coord="5052.662 2289.744" />

		<Point
			coord="5064.764 2207.576" />

		<Point
			coord="5056.479 2100.208" />

		<Point
			coord="5052.126 2034.445" />

		<Point
			coord="5044.179 1929.650" />

		<Point
			coord="5031.070 1703.399" />

		<Point
			coord="5022.213 1621.957" />

		<Point
			coord="4989.786 1458.876" />

		<Point
			coord="4941.311 1399.631" />

		<Point
			coord="4910.245 1312.886" />

		<Point
			coord="4855.760 1223.992" />

		<Point
			coord="4775.007 1120.813" />

		<Point
			coord="4735.197 1087.411" />

		<Point
			coord="4483.058 939.098" />

		<Point
			coord="4442.005 920.017" />

		<Point
			coord="4366.868 888.762" />

		<Point
			coord="4365.539 854.196" />
	</Path>

	<Path
		Name="ben_path">
		<Point
			coord="3787.429 1824.044" />
	</Path>

	<Path
		Name="h10_m1">
		<Point
			coord="1163.593 4543.555" />

		<Point
			coord="1161.351 4536.930" />

		<Point
			coord="1153.109 4537.358" />

		<Point
			coord="1154.274 4559.091" />

		<Point
			coord="1176.187 4561.331" />

		<Point
			coord="1195.043 4542.240" />

		<Point
			coord="1218.075 4540.317" />

		<Point
			coord="1217.010 4519.784" />

		<Point
			coord="1262.693 4507.498" />

		<Point
			coord="1196.009 4521.299" />

		<Point
			coord="1189.485 4525.612" />

		<Point
			coord="1163.505 4524.270" />

		<Point
			coord="1159.364 4542.620" />
	</Path>

	<Path
		Name="h11_m1">
		<Point
			coord="1125.217 4522.994" />

		<Point
			coord="1125.925 4475.342" />

		<Point
			coord="1121.305 4529.872" />

		<Point
			coord="1138.821 4518.515" />

		<Point
			coord="1142.450 4549.122" />

		<Point
			coord="1150.264 4549.376" />

		<Point
			coord="1142.549 4512.467" />

		<Point
			coord="1141.590 4525.445" />

		<Point
			coord="1127.077 4526.170" />
	</Path>

	<Path
		Name="h12_m1">
		<Point
			coord="4378.114 847.999" />

		<Point
			coord="4355.849 847.693" />

		<Point
			coord="4381.150 870.180" />

		<Point
			coord="4378.085 928.075" />

		<Point
			coord="4378.211 952.166" />

		<Point
			coord="4421.175 953.618" />

		<Point
			coord="4425.753 927.335" />

		<Point
			coord="4469.061 944.009" />

		<Point
			coord="4496.134 901.999" />

		<Point
			coord="4378.177 875.111" />

		<Point
			coord="4378.052 850.939" />
	</Path>

	<Path
		Name="h13_m1">
		<Point
			coord="4330.153 847.825" />

		<Point
			coord="4333.095 899.279" />

		<Point
			coord="4322.459 901.062" />

		<Point
			coord="4322.263 889.116" />

		<Point
			coord="4295.335 889.677" />

		<Point
			coord="4277.439 858.856" />

		<Point
			coord="4236.871 859.358" />

		<Point
			coord="4235.632 879.958" />

		<Point
			coord="4188.816 892.801" />

		<Point
			coord="4102.128 881.023" />

		<Point
			coord="4194.878 893.909" />

		<Point
			coord="4243.747 874.761" />

		<Point
			coord="4300.481 861.112" />

		<Point
			coord="4323.970 854.165" />
	</Path>

	<Path
		Name="h14_m1">
		<Point
			coord="4287.944 901.564" />

		<Point
			coord="4255.643 909.827" />

		<Point
			coord="4255.863 948.671" />

		<Point
			coord="4300.011 960.988" />

		<Point
			coord="4310.021 968.049" />

		<Point
			coord="4445.360 973.467" />

		<Point
			coord="4290.671 972.296" />

		<Point
			coord="4248.105 913.133" />
	</Path>

	<Path
		Name="h15_m1">
		<Point
			coord="4427.358 979.001" />

		<Point
			coord="4404.041 979.954" />

		<Point
			coord="4396.393 995.048" />

		<Point
			coord="4384.808 995.084" />

		<Point
			coord="4384.255 980.384" />

		<Point
			coord="4358.207 981.746" />

		<Point
			coord="4358.271 1005.253" />

		<Point
			coord="4322.444 1002.425" />

		<Point
			coord="4322.493 979.840" />

		<Point
			coord="4301.102 973.576" />

		<Point
			coord="4423.765 974.701" />
	</Path>

	<Path
		Name="h16_m1">
		<Point
			coord="5078.959 1821.711" />

		<Point
			coord="5080.982 1850.476" />

		<Point
			coord="5121.416 1860.338" />

		<Point
			coord="5117.859 1856.647" />

		<Point
			coord="5121.631 1803.681" />

		<Point
			coord="5084.844 1807.937" />

		<Point
			coord="5088.022 1849.707" />

		<Point
			coord="5080.439 1833.234" />
	</Path>

	<Path
		Name="h17_m1">
		<Point
			coord="5126.802 1883.702" />

		<Point
			coord="5140.301 1884.092" />

		<Point
			coord="5141.556 1909.760" />

		<Point
			coord="5124.832 1913.772" />

		<Point
			coord="5069.037 1890.203" />

		<Point
			coord="5067.202 1864.638" />

		<Point
			coord="5101.042 1880.880" />

		<Point
			coord="5123.062 1883.927" />
	</Path>

	<Path
		Name="h18_m1">
		<Point
			coord="5181.410 1817.409" />

		<Point
			coord="5176.845 1836.239" />

		<Point
			coord="5169.270 1836.593" />

		<Point
			coord="5171.057 1890.297" />

		<Point
			coord="5199.760 1892.611" />

		<Point
			coord="5234.753 1864.575" />

		<Point
			coord="5187.990 1816.730" />
	</Path>

	<Path
		Name="h19_m1">
		<Point
			coord="4762.889 3573.033" />

		<Point
			coord="4749.298 3563.764" />

		<Point
			coord="4758.900 3521.129" />

		<Point
			coord="4772.403 3489.265" />

		<Point
			coord="4805.690 3460.977" />

		<Point
			coord="4766.242 3499.064" />

		<Point
			coord="4748.760 3554.125" />

		<Point
			coord="4758.634 3567.365" />
	</Path>

	<Path
		Name="h1_m1">
		<Point
			coord="1924.390 5460.151" />

		<Point
			coord="1885.263 5460.107" />

		<Point
			coord="1877.820 5469.392" />

		<Point
			coord="1852.354 5467.019" />

		<Point
			coord="1825.670 5460.457" />

		<Point
			coord="1818.782 5461.375" />

		<Point
			coord="1817.881 5467.825" />

		<Point
			coord="1786.777 5470.032" />

		<Point
			coord="1787.452 5461.792" />

		<Point
			coord="1745.928 5462.783" />

		<Point
			coord="1747.670 5447.111" />

		<Point
			coord="1768.864 5441.208" />

		<Point
			coord="1786.561 5445.807" />

		<Point
			coord="1781.370 5407.718" />

		<Point
			coord="1779.569 5396.538" />

		<Point
			coord="1776.108 5407.001" />

		<Point
			coord="1779.492 5406.000" />

		<Point
			coord="1775.228 5350.597" />

		<Point
			coord="1792.093 5460.858" />

		<Point
			coord="1922.791 5458.094" />
	</Path>

	<Path
		Name="h20_m1">
		<Point
			coord="4834.554 3588.231" />

		<Point
			coord="4853.729 3568.358" />

		<Point
			coord="4872.654 3530.087" />

		<Point
			coord="4876.911 3499.511" />

		<Point
			coord="4858.993 3462.616" />

		<Point
			coord="4796.504 3432.392" />

		<Point
			coord="4831.704 3370.794" />

		<Point
			coord="4801.112 3429.973" />

		<Point
			coord="4862.583 3461.485" />

		<Point
			coord="4880.015 3504.868" />

		<Point
			coord="4867.195 3548.015" />

		<Point
			coord="4857.921 3564.135" />
	</Path>

	<Path
		Name="h21_m1">
		<Point
			coord="4815.318 3589.527" />

		<Point
			coord="4796.108 3579.251" />

		<Point
			coord="4800.749 3567.404" />

		<Point
			coord="4809.609 3522.790" />

		<Point
			coord="4827.605 3472.242" />

		<Point
			coord="4843.497 3480.430" />

		<Point
			coord="4852.750 3498.390" />

		<Point
			coord="4850.734 3524.263" />

		<Point
			coord="4818.961 3586.478" />
	</Path>

	<Path
		Name="h22_m1">
		<Point
			coord="6700.556 4105.300" />

		<Point
			coord="6690.198 4093.003" />

		<Point
			coord="6685.722 4078.778" />

		<Point
			coord="6720.347 4068.386" />

		<Point
			coord="6692.768 4074.836" />

		<Point
			coord="6700.494 4100.015" />
	</Path>

	<Path
		Name="h23_m1">
		<Point
			coord="6724.410 4064.335" />

		<Point
			coord="6720.754 4044.102" />

		<Point
			coord="6713.138 4048.047" />

		<Point
			coord="6695.872 4054.356" />

		<Point
			coord="6691.144 4037.913" />

		<Point
			coord="6691.023 4054.853" />

		<Point
			coord="6679.578 4058.139" />

		<Point
			coord="6674.557 4046.406" />

		<Point
			coord="6678.640 4061.842" />

		<Point
			coord="6724.801 4067.454" />
	</Path>

	<Path
		Name="h24_m1">
		<Point
			coord="6657.828 4032.859" />

		<Point
			coord="6666.000 4042.003" />

		<Point
			coord="6677.167 4059.340" />

		<Point
			coord="6682.200 4076.824" />

		<Point
			coord="6667.323 4082.729" />

		<Point
			coord="6672.283 4098.905" />

		<Point
			coord="6684.467 4122.359" />

		<Point
			coord="6690.302 4129.669" />

		<Point
			coord="6665.507 4087.354" />

		<Point
			coord="6659.055 4065.647" />

		<Point
			coord="6647.223 4041.523" />
	</Path>

	<Path
		Name="h25_m1">
		<Point
			coord="6757.654 6522.085" />

		<Point
			coord="6702.912 6521.610" />

		<Point
			coord="6701.003 6536.283" />

		<Point
			coord="6765.047 6540.114" />

		<Point
			coord="6764.021 6521.153" />
	</Path>

	<Path
		Name="h26_m1">
		<Point
			coord="6744.487 6586.422" />

		<Point
			coord="6744.411 6571.276" />

		<Point
			coord="6717.324 6568.818" />

		<Point
			coord="6716.847 6552.185" />

		<Point
			coord="6764.004 6550.446" />

		<Point
			coord="6762.126 6525.312" />

		<Point
			coord="6764.962 6628.170" />

		<Point
			coord="6747.553 6627.941" />

		<Point
			coord="6744.290 6592.240" />
	</Path>

	<Path
		Name="h27_m1">
		<Point
			coord="6775.549 6481.193" />

		<Point
			coord="6776.183 6458.697" />

		<Point
			coord="6771.987 6482.949" />

		<Point
			coord="6700.659 6483.516" />

		<Point
			coord="6682.042 6459.063" />

		<Point
			coord="6775.893 6455.950" />

		<Point
			coord="6778.782 6479.219" />
	</Path>

	<Path
		Name="h28_m1">
		<Point
			coord="6743.910 6426.765" />

		<Point
			coord="6749.409 6426.073" />

		<Point
			coord="6747.932 6393.828" />

		<Point
			coord="6775.822 6394.717" />

		<Point
			coord="6777.333 6442.076" />

		<Point
			coord="6673.408 6447.098" />

		<Point
			coord="6735.149 6427.201" />
	</Path>

	<Path
		Name="h29_m1">
		<Point
			coord="6672.090 6433.429" />

		<Point
			coord="6702.577 6481.926" />

		<Point
			coord="6721.131 6481.135" />

		<Point
			coord="6722.740 6412.360" />

		<Point
			coord="6709.946 6412.634" />

		<Point
			coord="6707.033 6398.911" />

		<Point
			coord="6696.483 6398.365" />

		<Point
			coord="6693.329 6381.568" />

		<Point
			coord="6661.406 6377.286" />

		<Point
			coord="6661.933 6433.072" />

		<Point
			coord="6680.435 6403.134" />

		<Point
			coord="6711.623 6435.207" />

		<Point
			coord="6675.920 6431.832" />
	</Path>

	<Path
		Name="h2_m1">
		<Point
			coord="1790.052 5355.060" />

		<Point
			coord="1801.230 5444.283" />

		<Point
			coord="1920.222 5445.102" />

		<Point
			coord="1920.891 5428.174" />

		<Point
			coord="1860.978 5409.260" />

		<Point
			coord="1793.210 5359.059" />
	</Path>

	<Path
		Name="h3_m1">
		<Point
			coord="1734.127 5243.516" />

		<Point
			coord="1730.224 5243.966" />

		<Point
			coord="1730.008 5220.501" />

		<Point
			coord="1707.069 5207.677" />

		<Point
			coord="1687.977 5207.523" />

		<Point
			coord="1686.707 5186.694" />

		<Point
			coord="1619.035 5187.897" />

		<Point
			coord="1648.978 5190.510" />

		<Point
			coord="1663.778 5218.955" />

		<Point
			coord="1700.920 5220.770" />

		<Point
			coord="1703.619 5247.153" />

		<Point
			coord="1736.576 5241.810" />
	</Path>

	<Path
		Name="h4_m1">
		<Point
			coord="1617.495 5303.855" />

		<Point
			coord="1609.516 5299.076" />

		<Point
			coord="1622.033 5289.256" />

		<Point
			coord="1645.813 5307.904" />

		<Point
			coord="1653.015 5308.292" />

		<Point
			coord="1657.358 5347.846" />

		<Point
			coord="1679.905 5338.358" />

		<Point
			coord="1678.756 5303.845" />

		<Point
			coord="1714.286 5304.242" />

		<Point
			coord="1713.024 5285.393" />

		<Point
			coord="1701.479 5284.543" />

		<Point
			coord="1700.976 5267.411" />

		<Point
			coord="1727.793 5270.032" />

		<Point
			coord="1730.069 5295.760" />

		<Point
			coord="1683.213 5306.556" />

		<Point
			coord="1622.789 5304.694" />
	</Path>

	<Path
		Name="h5_m1">
		<Point
			coord="1590.020 5212.948" />

		<Point
			coord="1590.990 5273.933" />

		<Point
			coord="1610.641 5273.778" />

		<Point
			coord="1598.182 5208.085" />

		<Point
			coord="1707.724 5217.131" />

		<Point
			coord="1722.243 5239.705" />

		<Point
			coord="1699.955 5206.251" />

		<Point
			coord="1601.043 5209.681" />
	</Path>

	<Path
		Name="h6_m1">
		<Point
			coord="3482.948 5288.975" />

		<Point
			coord="3483.983 5283.216" />

		<Point
			coord="3550.450 5296.666" />

		<Point
			coord="3553.334 5279.055" />

		<Point
			coord="3525.640 5273.189" />

		<Point
			coord="3526.401 5242.419" />

		<Point
			coord="3514.306 5270.909" />

		<Point
			coord="3449.028 5259.960" />

		<Point
			coord="3450.461 5249.043" />

		<Point
			coord="3477.553 5282.730" />
	</Path>

	<Path
		Name="h7_m1">
		<Point
			coord="3461.260 5322.746" />

		<Point
			coord="3477.700 5231.682" />

		<Point
			coord="3479.181 5228.297" />

		<Point
			coord="3479.135 5225.522" />

		<Point
			coord="3482.397 5194.660" />

		<Point
			coord="3407.142 5185.302" />

		<Point
			coord="3460.616 5209.354" />

		<Point
			coord="3457.267 5231.532" />

		<Point
			coord="3424.439 5225.570" />

		<Point
			coord="3421.247 5253.057" />

		<Point
			coord="3453.166 5259.482" />

		<Point
			coord="3450.043 5271.413" />

		<Point
			coord="3442.604 5274.691" />

		<Point
			coord="3434.410 5299.990" />
	</Path>

	<Path
		Name="h87_m1">
		<Point
			coord="3429.954 5170.360" />

		<Point
			coord="3494.663 5175.333" />

		<Point
			coord="3497.296 5154.352" />

		<Point
			coord="3513.004 5153.365" />

		<Point
			coord="3553.873 5175.281" />

		<Point
			coord="3553.935 5180.841" />

		<Point
			coord="3519.132 5181.433" />

		<Point
			coord="3519.227 5202.658" />

		<Point
			coord="3530.031 5202.128" />

		<Point
			coord="3531.557 5184.529" />

		<Point
			coord="3427.890 5178.560" />
	</Path>

	<Path
		Name="h9_m1">
		<Point
			coord="1164.447 4497.289" />

		<Point
			coord="1163.638 4494.213" />

		<Point
			coord="1180.667 4475.752" />

		<Point
			coord="1194.972 4494.668" />

		<Point
			coord="1196.257 4524.778" />

		<Point
			coord="1177.667 4523.305" />

		<Point
			coord="1183.372 4512.688" />

		<Point
			coord="1182.711 4503.462" />

		<Point
			coord="1164.823 4502.774" />
	</Path>
</Paths>
