<?xml version="1.0" encoding="windows-1251" standalone="yes"?>
<Paths>
<Path Name="RockPath">
	<Point coord="1869 328 1074" rotation="0.0000 0.0000 -0.0000 1.0000"/>
	<Point coord="1873 322 1285" rotation="0.0000 0.0000 -0.0000 1.0000"/>
	<Point coord="1879 305 1526" rotation="0.0000 0.0000 -0.0000 1.0000"/>
	<Point coord="1887 295 1802" rotation="0.0000 0.0000 -0.0000 1.0000"/>
	<Point coord="1929 284 1917" rotation="0.1464 0.3536 -0.3536 0.8536"/>
	<Point coord="1978 0.0 1981" rotation="0.0000 0.0000 -0.7071 0.7071"/>
</Path>

<Path Name="robot01_cam01">
	<Point  coord="1919.549 305.669 3325.324" rotation="-0.004 -0.460 0.002 0.888"/>
	<Point  coord="1926.766 305.655 3320.266" rotation="-0.016 -0.286 0.005 0.958"/>
</Path>

<Path Name="robot01_cam02">
	<Point  coord="-5.000 3.000 -10.000"/>
	<Point  coord="-5.000 7.000 -12.000"/>
</Path>

<Path Name="robot02_cam01">
	 <Point  coord="516.583 328.480 876.932" rotation="0.000 0.999 0.034 0.008"/>
	 <Point  coord="516.583 328.480 876.932" rotation="0.265 0.730 0.495 0.390"/>
</Path>

<Path Name="robot02_cam02_1">
	<Point  coord="0.000 3.000 -10.000"/>
	<Point  coord="0.000 5.000 -5.000"/>
</Path>

<Path Name="robot02_cam02">
	 <Point  coord="691.527 337.837 917.609" rotation="-0.007 -0.608 0.005 0.794"/>
	 <Point  coord="686.226 337.837 937.214" rotation="-0.007 -0.608 0.005 0.794"/>
</Path>

<Path Name="robot02_cam03">
	 <Point  coord="725.856 336.568 957.912" rotation="0.031 0.907 0.068 0.415"/>
	 <Point  coord="725.480 336.568 958.260" rotation="0.026 0.940 0.075 0.332"/>
</Path>

<Path Name="robot02_cam04">
	 <Point  coord="717.542 336.971 958.226" rotation="-0.019 -0.769 0.023 0.638"/>
	 <Point  coord="721.936 336.971 963.425" rotation="0.006 0.981 -0.029 -0.193"/>
	 <Point  coord="726.522 337.023 964.157" rotation="-0.005 0.992 -0.045 0.120"/>
</Path>

<Path Name="robot02_cam05">
	 <Point  coord="726.823 337.262 957.022" rotation="-0.065 0.698 -0.064 0.711"/>
	 <Point  coord="726.773 337.262 957.668" rotation="-0.044 0.812 -0.062 0.579"/>
</Path>

<Path Name="robot02_cam06">
	 <Point  coord="618.068 338.527 957.584" rotation="0.021 -0.665 -0.019 0.746"/>
	 <Point  coord="618.806 338.527 951.449" rotation="0.021 -0.658 -0.019 0.753"/>
</Path>

<Path Name="robot02_cam07">
	 <Point  coord="730.157 336.049 957.118" rotation="0.033 0.738 0.037 0.673"/>
	 <Point  coord="729.077 336.157 957.018" rotation="0.030 0.739 0.033 0.672"/>
</Path>

<Path Name="robot02_cam08_1">
	 <Point  coord="729.375 336.520 958.291" rotation="0.025 0.759 0.030 0.650"/>
	 <Point  coord="739.672 336.292 960.757" rotation="0.014 0.726 0.015 0.687"/>
</Path>

<Path Name="robot02_cam08">
	<Point  coord="0.100 6.000 0.000"/>
	<Point  coord="0.000 5.000 0.100"/>
</Path>

<Path Name="factory_cam01">
	<Point  coord="1275.299 328.726 2663.031" rotation="0.037 -0.094 -0.004 0.995"/>
</Path>

<Path Name="BossDie_cam01">
	<Point  coord="443.213 354.552 880.369" rotation="-0.051 -0.700 0.051 0.710"/>
	<Point  coord="445.580 352.760 880.409" rotation="-0.227 -0.665 0.223 0.676"/>
</Path>

<Path Name="BossDie_cam02">
	<Point  coord="465.503 328.464 884.523" rotation="-0.014 0.982 0.080 -0.173"/>
	<Point  coord="467.115 328.573 884.129" rotation="0.009 0.991 0.092 0.097"/>
	<Point  coord="468.644 328.678 882.241" rotation="0.035 0.826 0.052 0.560"/>
	<Point  coord="468.710 328.618 877.704" rotation="0.029 0.482 0.016 0.876"/>
<!--	<Point  coord="469.079 328.859 878.640" rotation="0.001 0.427 0.001 0.904"/ -->
</Path>

<Path Name="BossDie_cam03">
	<Point  coord="463.262 328.209 882.458" rotation="0.045 -0.754 -0.052 0.653"/>
	<Point  coord="464.522 328.406 882.271" rotation="0.075 -0.757 -0.088 0.643"/>
</Path>

<Path Name="BossDie_cam04">
	<Point  coord="467.577 332.117 872.392" rotation="-0.200 0.157 -0.032 0.967"/>
	<Point  coord="467.577 332.117 872.392" rotation="-0.015 0.406 -0.007 0.914"/>
	<Point  coord="467.577 332.117 872.392" rotation="-0.015 0.406 -0.007 0.914"/>
</Path>

<Path Name="factory_cam02">
	<Point  coord="1291.721 329.147 2693.100" rotation="0.108 -0.683 -0.103 0.715"/>
	<Point  coord="1291.721 329.147 2693.100" rotation="-0.081 0.864 0.148 -0.474"/>
	<Point  coord="1291.721 329.147 2693.100" rotation="0.008 0.991 0.115 0.068"/>
	<Point  coord="1291.721 329.147 2693.100" rotation="0.073 0.927 0.254 0.267"/>
	<Point  coord="1291.721 329.147 2693.100" rotation="0.058 0.661 0.052 0.746"/>
	<Point  coord="1291.721 329.147 2693.100" rotation="0.058 0.661 0.052 0.746"/>
</Path>

<Path Name="humWork_cam01">
	<Point  coord="1850.126 301.855 3312.387" rotation="0.033 0.638 0.028 0.769"/>
</Path>

<Path Name="humWork_cam02">
	<Point  coord="1831.719 301.319 3318.596" rotation="0.001 0.910 -0.001 -0.416"/>
</Path>

<Path Name="humWork_cam03">
	<Point  coord="1835.533 301.328 3314.770" rotation="0.133 -0.342 -0.049 0.929"/>
</Path>

<Path Name="humWork_cam04">
	<Point  coord="1842.692 306.431 3313.979" rotation="-0.207 0.630 -0.179 0.727"/>
</Path>

<Path Name="humWork_cam05">
	<Point  coord="1832.293 301.403 3314.209" rotation="-0.003 -0.432 0.001 0.902"/>
</Path>

<Path Name="humWork_cam06">
	<Point  coord="1836.017 302.209 3314.806" rotation="-0.136 0.489 -0.078 0.858"/>
</Path>

<Path Name="humWork_cam07">
	<Point  coord="1835.561 302.406 3312.278" rotation="-0.129 -0.129 0.017 0.983"/>
    <Point  coord="1839.239 302.393 3312.159" rotation="-0.117 0.340 -0.043 0.932"/>
    <Point  coord="1844.237 302.508 3313.574" rotation="-0.045 0.618 -0.035 0.784"/>
</Path>

<Path Name="Start_cam01_1">
	<Point  coord="-50.100 50.000 0.000"/>
	<Point  coord="-50.000 50.000 0.100"/>
</Path>

<Path Name="Start_cam01">
	<Point  coord="3116.024 376.595 411.793" rotation="-0.093 -0.546 0.061 0.831"/>
	<Point  coord="3101.245 467.410 375.557" rotation="-0.277 -0.507 0.176 0.797"/>
</Path>

<Path Name="Start_cam02">
	<Point  coord="2740.012 355.706 752.589" rotation="0.009 0.637 0.008 0.770"/>
    <Point  coord="2739.681 355.706 755.521" rotation="0.013 0.880 0.024 0.474"/>
    <Point  coord="2735.130 355.706 756.481" rotation="-0.004 0.980 0.019 -0.196"/>
</Path>

<Path Name="Start_cam03_1">
	<Point  coord="2711.152 377.532 693.951" rotation="-0.179 -0.210 0.039 0.960"/>
    <Point  coord="2696.123 387.313 661.182" rotation="-0.075 -0.175 0.013 0.982"/>
</Path>

<Path Name="Start_cam03">
	<Point  coord="2707.115 374.455 688.781" rotation="-0.108 -0.163 0.018 0.981"/>
    <Point  coord="2705.005 375.817 682.570" rotation="-0.074 -0.148 0.011 0.986"/>
</Path>

<Path Name="Start_cam04_1">
	<Point  coord="2633.828 356.659 860.491" rotation="-0.002 0.973 -0.007 0.232"/>
    <Point  coord="2580.421 353.249 882.193" rotation="0.007 0.976 0.034 0.215"/>
    <Point  coord="2478.532 354.834 896.016" rotation="0.001 0.999 0.030 0.028"/>
</Path>

<Path Name="Start_cam04">
	<Point  coord="-20.100 2.000 20.000"/>
	<Point  coord="-20.000 2.000 20.100"/>
</Path>

<Path Name="Start_cam05_2">
	<Point  coord="1881.775 353.945 941.326" rotation="-0.029 -0.805 0.040 0.592"/>
    <Point  coord="1874.566 354.695 943.578" rotation="-0.029 -0.805 0.040 0.592"/>
    <Point  coord="1874.566 354.696 943.578" rotation="-0.072 -0.392 0.031 0.917"/>
	<Point  coord="1880.501 353.195 949.607" rotation="-0.078 -0.377 0.032 0.922"/>
    <Point  coord="1882.144 351.690 950.783" rotation="-0.036 -0.354 0.014 0.934"/>
    <Point  coord="1882.145 351.690 950.783" rotation="0.284 -0.374 -0.121 0.875"/>
    <Point  coord="1882.144 351.691 950.783" rotation="0.284 -0.374 -0.121 0.875"/>
</Path>

<Path Name="Start_cam05">
	<Point  coord="-0.100 10.000 0.000"/>
	<Point  coord="0.000 10.000 0.100"/>
</Path>

<Path Name="Start_cam05_1">
	<Point  coord="-0.100 10.000 0.000"/>
	<Point  coord="0.000 10.000 5.100"/>
</Path>

<Path Name="Start_cam06">
	<Point  coord="0.100 -4.000 -45.000"/>
	<Point  coord="0.000 -6.000 -45.100"/>
</Path>

<Path Name="Start_cam06_1">
	<Point  coord="0.100 4.000 -20.000"/>
	<Point  coord="0.000 6.000 -20.100"/>
</Path>

<Path Name="Start_cam06_2">
	<Point  coord="1986.152 419.124 1079.485" rotation="-0.033 0.965 -0.155 0.208"/>
	<Point  coord="1994.210 328.825 1112.016" rotation="0.014 0.984 0.153 0.087"/>
</Path>

<Path Name="Start_cam07">
	<Point  coord="1865.613 334.216 1237.450" rotation="0.000 1.000 0.027 0.007"/>
	<Point  coord="1865.305 335.158 1218.790" rotation="0.000 1.000 0.019 0.010"/>
</Path>

<Path Name="boss03_path01">
	<Point  coord="1944.877 375.818 1043.460" rotation="-0.017 0.977 -0.088 0.191"/>
	<Point  coord="1967.079 383.033 1031.893" rotation="-0.027 0.964 -0.109 0.240"/>
	<Point  coord="1979.728 374.485 1019.564" rotation="-0.036 0.934 -0.098 0.342"/>
</Path>

<Path
	Name="boss03_path02"
	FullTime="1.000"
	FullLength="604.145">
	<Point
		coord="1911.410 419.559 936.416"
		rotation="0.0210 0.9630 0.0780 0.2550"
		zoom="1.000"
		speed="1.000"
		flyTime="0.000" />

	<Point
		coord="1862.032 432.429 893.999"
		rotation="-0.0260 0.9590 0.0940 -0.2660"
		zoom="1.000"
		speed="1.000"
		flyTime="0.250" />

	<Point
		coord="1970.875 467.588 853.426"
		rotation="-0.0020 0.9900 -0.0120 0.1420"
		zoom="1.000"
		speed="1.000"
		flyTime="0.500" />

	<Point
		coord="2005.545 514.434 763.496"
		rotation="-0.0092 0.9871 -0.1477 0.0614"
		zoom="1.000"
		speed="1.000"
		flyTime="0.750" />

	<Point
		coord="1891.548 386.655 528.753"
		rotation="-0.0490 0.9260 -0.1290 0.3510"
		zoom="1.000"
		speed="1.000"
		flyTime="1.000" />
</Path>

<Path Name="BrokenBridge_cam01">
	<Point  coord="60.100 40.000 0.000"/>
	<Point  coord="60.000 40.000 0.100"/>
</Path>

<Path Name="BrokenBridge_cam02">
	<Point  coord="-3.100 2.000 15.000"/>
	<Point  coord="-3.000 2.000 15.100"/>
</Path>

<Path Name="BrokenBridge_cam03">
	<Point  coord="3329.570 359.435 378.999" rotation="0.043 0.613 0.033 0.788"/>
	<Point  coord="3328.741 359.528 379.208" rotation="0.043 0.613 0.033 0.788"/>
</Path>

<Path Name="BrokenBridge_cam04">
	<Point  coord="3325.967 360.077 380.047" rotation="-0.001 0.869 0.003 -0.494"/>
	<Point  coord="3325.967 360.077 380.047" rotation="-0.287 0.705 0.517 -0.391"/>
	<Point  coord="3325.967 360.070 380.047" rotation="-0.287 0.705 0.517 -0.391"/>
</Path>

<Path Name="BrokenBridge_cam05">
	<Point  coord="3329.570 359.435 378.999" rotation="0.043 0.613 0.033 0.788"/>
	<Point  coord="3328.741 359.528 379.208" rotation="0.043 0.613 0.033 0.788"/>
</Path>

<Path Name="BrokenBridge_cam06">
	<Point  coord="3340.942 394.968 351.997" rotation="-0.375 0.219 -0.091 0.896"/>
	<Point  coord="3357.918 394.968 386.382" rotation="-0.254 0.671 -0.265 0.644"/>
</Path>

<Path Name="BrokenBridge_cam07">
	<Point  coord="3327.604 359.727 379.905" rotation="0.055 0.692 0.053 0.718"/>
</Path>

<Path Name="BrokenBridge_cam08">
	<Point  coord="3327.349 360.754 379.663" rotation="0.147 0.211 0.032 0.966"/>
	<Point  coord="3327.349 360.756 379.663" rotation="0.147 0.211 0.032 0.966"/>
	<Point  coord="3327.349 360.755 379.663" rotation="-0.043 0.145 -0.006 0.988"/>
	<Point  coord="3327.349 360.756 379.663" rotation="0.046 -0.067 -0.003 0.997"/>
	<Point  coord="3327.349 360.757 379.663" rotation="-0.077 -0.318 0.026 0.944"/>
	<Point  coord="3327.349 360.756 379.663" rotation="-0.040 -0.678 0.037 0.733"/>
	<Point  coord="3327.349 360.754 379.663" rotation="0.013 -0.838 -0.020 0.545"/>
	<Point  coord="3327.349 360.756 379.663" rotation="-0.004 0.992 -0.034 0.123"/>
</Path>

<Path Name="BrokenBridge_cam09">
	<Point  coord="3328.706 362.789 345.422" rotation="-0.075 0.020 -0.002 0.997"/>
	<Point  coord="3316.743 362.411 348.744" rotation="-0.095 -0.154 0.015 0.983"/>
</Path>

<Path Name="BrokenBridge_cam10">
	<Point  coord="3327.913 358.988 376.068" rotation="-0.004 0.486 -0.002 0.874"/>
	<Point  coord="3328.792 367.352 373.580" rotation="-0.058 0.475 -0.031 0.878"/>
</Path>

</Paths>
