<?xml version="1.0" encoding="windows-1251" standalone="yes" ?>
<Paths>
	<Path
		Name="BrokenBridge_path01">
		<Point
			coord="3066.391 535.229" />

		<Point
			coord="3309.817 381.448" />
	</Path>

	<Path
		Name="BrokenBridge_path02">
		<Point
			coord="3309.817 381.448" />

		<Point
			coord="3066.391 535.229" />
	</Path>

	<Path
		Name="Factory_path">
		<Point
			coord="1284.878 2699.694" />
	</Path>

	<Path
		Name="Player_path01">
		<Point
			coord="1879.753 3318.064" />
	</Path>

	<Path
		Name="Player_path02">
		<Point
			coord="484.971 878.480" />
	</Path>

	<Path
		Name="Player_path02_1">
		<Point
			coord="476.086 879.310" />
	</Path>

	<Path
		Name="Race_m1">
		<Point
			coord="2399.353 2593.270" />

		<Point
			coord="2613.618 2366.362" />

		<Point
			coord="2811.158 2193.744" />

		<Point
			coord="2828.202 1987.307" />

		<Point
			coord="2892.899 1786.484" />

		<Point
			coord="3050.041 1671.541" />

		<Point
			coord="2974.685 1492.523" />

		<Point
			coord="2830.618 1457.978" />

		<Point
			coord="2730.662 1487.857" />

		<Point
			coord="2550.434 1599.337" />

		<Point
			coord="2453.344 1662.046" />

		<Point
			coord="2412.229 1667.368" />

		<Point
			coord="2380.280 1656.370" />
	</Path>

	<Path
		Name="Sem_Path01">
		<Point
			coord="720.958 909.420" />

		<Point
			coord="709.363 926.453" />

		<Point
			coord="706.160 940.561" />
	</Path>

	<Path
		Name="Sem_Path02">
		<Point
			coord="694.863 952.750" />

		<Point
			coord="653.987 959.464" />

		<Point
			coord="644.424 958.839" />
	</Path>

	<Path
		Name="has_m1">
		<Point
			coord="3300.064 2800.372" />

		<Point
			coord="3300.064 2797.372" />

		<Point
			coord="3296.064 2800.372" />
	</Path>

	<Path
		Name="hum1">
		<Point
			coord="2290.559 1730.303" />

		<Point
			coord="2278.292 1740.882" />

		<Point
			coord="2264.167 1756.592" />

		<Point
			coord="2251.579 1771.952" />
	</Path>

	<Path
		Name="hum10">
		<Point
			coord="3432.369 2165.932" />

		<Point
			coord="3430.028 2150.394" />

		<Point
			coord="3411.140 2143.924" />

		<Point
			coord="3396.079 2130.786" />

		<Point
			coord="3408.496 2140.193" />

		<Point
			coord="3425.769 2147.428" />

		<Point
			coord="3431.107 2162.401" />
	</Path>

	<Path
		Name="hum11">
		<Point
			coord="2351.168 2571.614" />

		<Point
			coord="2378.326 2566.831" />

		<Point
			coord="2383.228 2594.896" />

		<Point
			coord="2352.647 2576.352" />
	</Path>

	<Path
		Name="hum12">
		<Point
			coord="2427.285 2700.314" />

		<Point
			coord="2424.984 2685.769" />

		<Point
			coord="2422.155 2639.983" />

		<Point
			coord="2417.298 2671.068" />

		<Point
			coord="2423.853 2697.484" />
	</Path>

	<Path
		Name="hum13">
		<Point
			coord="2302.205 2649.631" />

		<Point
			coord="2297.508 2677.455" />

		<Point
			coord="2289.181 2697.316" />

		<Point
			coord="2304.085 2711.673" />

		<Point
			coord="2295.489 2699.857" />

		<Point
			coord="2295.471 2686.755" />

		<Point
			coord="2300.933 2667.334" />

		<Point
			coord="2301.997 2655.424" />
	</Path>

	<Path
		Name="hum14">
		<Point
			coord="2500.625 2596.865" />

		<Point
			coord="2467.656 2611.494" />

		<Point
			coord="2428.730 2645.549" />

		<Point
			coord="2444.300 2635.119" />

		<Point
			coord="2498.247 2598.852" />
	</Path>

	<Path
		Name="hum15">
		<Point
			coord="2345.035 2659.786" />

		<Point
			coord="2398.626 2650.503" />

		<Point
			coord="2306.866 2694.446" />

		<Point
			coord="2327.299 2715.494" />

		<Point
			coord="2340.913 2659.767" />
	</Path>

	<Path
		Name="hum16">
		<Point
			coord="3082.323 3286.755" />

		<Point
			coord="3097.520 3277.455" />

		<Point
			coord="3111.923 3273.392" />

		<Point
			coord="3127.545 3277.965" />

		<Point
			coord="3138.241 3283.764" />

		<Point
			coord="3124.191 3275.066" />

		<Point
			coord="3107.256 3273.933" />

		<Point
			coord="3085.317 3286.481" />
	</Path>

	<Path
		Name="hum17">
		<Point
			coord="3135.931 3288.046" />

		<Point
			coord="3126.163 3313.797" />

		<Point
			coord="3121.325 3342.371" />

		<Point
			coord="3111.809 3379.349" />

		<Point
			coord="3118.650 3344.313" />

		<Point
			coord="3135.583 3292.432" />
	</Path>

	<Path
		Name="hum18">
		<Point
			coord="3055.496 3296.540" />

		<Point
			coord="3034.856 3286.828" />

		<Point
			coord="2981.569 3274.416" />

		<Point
			coord="2982.831 3304.415" />

		<Point
			coord="3054.491 3302.378" />

		<Point
			coord="3062.488 3320.982" />

		<Point
			coord="3056.705 3359.646" />

		<Point
			coord="3057.286 3321.221" />

		<Point
			coord="3053.433 3304.639" />

		<Point
			coord="2983.816 3301.989" />

		<Point
			coord="2983.265 3278.459" />

		<Point
			coord="3030.639 3287.486" />

		<Point
			coord="3053.219 3298.573" />
	</Path>

	<Path
		Name="hum19">
		<Point
			coord="2985.580 3310.345" />

		<Point
			coord="3001.396 3339.400" />

		<Point
			coord="3047.622 3358.065" />

		<Point
			coord="3042.655 3350.850" />

		<Point
			coord="3022.577 3344.742" />

		<Point
			coord="3001.259 3330.923" />

		<Point
			coord="2989.195 3310.573" />
	</Path>

	<Path
		Name="hum2">
		<Point
			coord="2480.586 1616.965" />

		<Point
			coord="2481.918 1629.101" />

		<Point
			coord="2514.973 1644.870" />

		<Point
			coord="2513.243 1639.956" />

		<Point
			coord="2541.377 1619.739" />

		<Point
			coord="2528.429 1606.146" />

		<Point
			coord="2506.032 1623.619" />

		<Point
			coord="2485.409 1619.291" />
	</Path>

	<Path
		Name="hum20">
		<Point
			coord="3186.546 3617.695" />

		<Point
			coord="3152.420 3621.496" />

		<Point
			coord="3121.096 3620.783" />

		<Point
			coord="3137.868 3618.700" />

		<Point
			coord="3174.966 3620.074" />
	</Path>

	<Path
		Name="hum21">
		<Point
			coord="1257.107 3412.709" />

		<Point
			coord="1228.082 3410.524" />

		<Point
			coord="1219.548 3403.922" />

		<Point
			coord="1244.651 3412.344" />

		<Point
			coord="1259.861 3410.819" />
	</Path>

	<Path
		Name="hum22">
		<Point
			coord="1273.558 3414.205" />

		<Point
			coord="1289.305 3418.973" />

		<Point
			coord="1315.502 3422.641" />

		<Point
			coord="1328.010 3421.627" />

		<Point
			coord="1277.725 3417.354" />
	</Path>

	<Path
		Name="hum23">
		<Point
			coord="1322.634 3398.157" />

		<Point
			coord="1350.543 3396.003" />

		<Point
			coord="1365.806 3409.766" />

		<Point
			coord="1393.273 3411.158" />

		<Point
			coord="1363.815 3412.090" />

		<Point
			coord="1347.175 3394.534" />

		<Point
			coord="1326.197 3401.242" />
	</Path>

	<Path
		Name="hum24">
		<Point
			coord="1438.528 3428.588" />

		<Point
			coord="1416.811 3438.374" />

		<Point
			coord="1397.279 3463.714" />

		<Point
			coord="1381.087 3490.664" />

		<Point
			coord="1391.771 3468.644" />

		<Point
			coord="1410.543 3440.618" />

		<Point
			coord="1433.275 3434.408" />
	</Path>

	<Path
		Name="hum25">
		<Point
			coord="1285.065 3401.364" />

		<Point
			coord="1266.050 3401.648" />

		<Point
			coord="1240.391 3398.658" />

		<Point
			coord="1219.366 3395.135" />

		<Point
			coord="1233.857 3399.760" />

		<Point
			coord="1251.353 3401.680" />

		<Point
			coord="1281.353 3402.714" />
	</Path>

	<Path
		Name="hum3">
		<Point
			coord="2461.049 1695.006" />

		<Point
			coord="2474.126 1685.958" />

		<Point
			coord="2460.293 1675.501" />

		<Point
			coord="2458.980 1693.082" />
	</Path>

	<Path
		Name="hum4">
		<Point
			coord="2356.999 1650.266" />

		<Point
			coord="2325.867 1654.271" />

		<Point
			coord="2327.189 1694.173" />

		<Point
			coord="2347.214 1707.732" />

		<Point
			coord="2331.934 1693.164" />

		<Point
			coord="2329.899 1659.779" />

		<Point
			coord="2349.205 1652.196" />
	</Path>

	<Path
		Name="hum5">
		<Point
			coord="2435.794 1658.323" />

		<Point
			coord="2459.755 1648.508" />

		<Point
			coord="2477.280 1680.355" />

		<Point
			coord="2429.174 1658.324" />
	</Path>

	<Path
		Name="hum6">
		<Point
			coord="3460.384 2200.792" />

		<Point
			coord="3462.104 2212.779" />

		<Point
			coord="3465.146 2224.281" />

		<Point
			coord="3467.763 2237.118" />

		<Point
			coord="3470.903 2268.478" />

		<Point
			coord="3477.745 2271.258" />

		<Point
			coord="3457.674 2272.733" />

		<Point
			coord="3454.765 2257.749" />

		<Point
			coord="3451.916 2242.552" />

		<Point
			coord="3447.000 2218.415" />

		<Point
			coord="3444.856 2208.512" />

		<Point
			coord="3460.301 2203.996" />
	</Path>

	<Path
		Name="hum7">
		<Point
			coord="3505.196 2106.682" />

		<Point
			coord="3500.855 2121.125" />

		<Point
			coord="3485.159 2150.309" />

		<Point
			coord="3460.643 2170.346" />

		<Point
			coord="3424.774 2186.399" />

		<Point
			coord="3395.243 2184.829" />

		<Point
			coord="3379.987 2171.060" />

		<Point
			coord="3369.091 2158.180" />

		<Point
			coord="3363.917 2144.031" />

		<Point
			coord="3363.281 2131.681" />

		<Point
			coord="3365.031 2145.630" />

		<Point
			coord="3371.156 2159.542" />

		<Point
			coord="3382.057 2172.174" />

		<Point
			coord="3396.469 2185.017" />

		<Point
			coord="3411.173 2187.511" />

		<Point
			coord="3426.171 2186.721" />

		<Point
			coord="3443.351 2180.270" />

		<Point
			coord="3459.874 2170.323" />

		<Point
			coord="3485.096 2149.991" />

		<Point
			coord="3494.761 2135.927" />

		<Point
			coord="3504.930 2106.696" />
	</Path>

	<Path
		Name="hum8">
		<Point
			coord="3370.718 2131.076" />

		<Point
			coord="3371.105 2138.427" />

		<Point
			coord="3373.171 2148.770" />

		<Point
			coord="3380.832 2162.531" />

		<Point
			coord="3390.326 2173.315" />

		<Point
			coord="3409.505 2179.459" />

		<Point
			coord="3433.479 2178.145" />

		<Point
			coord="3449.537 2170.977" />

		<Point
			coord="3465.553 2159.621" />

		<Point
			coord="3480.574 2144.186" />

		<Point
			coord="3488.749 2133.824" />

		<Point
			coord="3499.495 2103.915" />

		<Point
			coord="3488.905 2133.557" />

		<Point
			coord="3480.287 2145.282" />

		<Point
			coord="3465.435 2160.212" />

		<Point
			coord="3450.076 2171.714" />

		<Point
			coord="3433.438 2178.462" />

		<Point
			coord="3409.906 2179.963" />

		<Point
			coord="3390.395 2173.682" />

		<Point
			coord="3380.710 2162.625" />

		<Point
			coord="3372.736 2148.667" />

		<Point
			coord="3370.082 2139.056" />

		<Point
			coord="3369.819 2129.347" />
	</Path>

	<Path
		Name="hum9">
		<Point
			coord="3460.041 2130.105" />

		<Point
			coord="3455.824 2137.367" />

		<Point
			coord="3443.373 2149.427" />

		<Point
			coord="3439.735 2168.520" />

		<Point
			coord="3438.406 2150.343" />

		<Point
			coord="3452.615 2142.050" />

		<Point
			coord="3460.589 2128.933" />
	</Path>

	<Path
		Name="humPl2_path">
		<Point
			coord="767.686 975.830" />
	</Path>

	<Path
		Name="humWork1_path">
		<Point
			coord="1832.526 3315.895" />

		<Point
			coord="1833.626 3315.895" />
	</Path>

	<Path
		Name="humWork2_path">
		<Point
			coord="1830.110 3316.272" />

		<Point
			coord="1831.210 3316.272" />
	</Path>

	<Path
		Name="humWork3_path">
		<Point
			coord="1829.086 3318.222" />

		<Point
			coord="1830.186 3318.222" />
	</Path>

	<Path
		Name="humWork4_path">
		<Point
			coord="1832.268 3311.767" />

		<Point
			coord="1833.368 3311.767" />
	</Path>

	<Path
		Name="humWorkEnd_path">
		<Point
			coord="1564.369 3382.193" />

		<Point
			coord="1454.834 3412.933" />

		<Point
			coord="1313.446 3412.370" />

		<Point
			coord="1294.326 3384.959" />

		<Point
			coord="1290.367 3360.282" />

		<Point
			coord="1281.160 3349.992" />

		<Point
			coord="1271.548 3328.268" />

		<Point
			coord="1256.536 3326.601" />
	</Path>

	<Path
		Name="naparn1_path01">
		<Point
			coord="3440.069 294.214" />

		<Point
			coord="2961.687 593.875" />

		<Point
			coord="2724.247 742.363" />
	</Path>

	<Path
		Name="naparn1_path02">
		<Point
			coord="2671.026 769.808" />

		<Point
			coord="2561.703 812.976" />

		<Point
			coord="2494.683 832.451" />

		<Point
			coord="2416.606 845.639" />

		<Point
			coord="2331.959 858.833" />

		<Point
			coord="2268.227 861.194" />

		<Point
			coord="2209.627 861.523" />
	</Path>

	<Path
		Name="naparn1_path03">
		<Point
			coord="2163.134 857.628" />

		<Point
			coord="2068.846 865.977" />

		<Point
			coord="2005.086 883.362" />
	</Path>

	<Path
		Name="naparn1_path04">
		<Point
			coord="1907.228 928.248" />

		<Point
			coord="1881.795 954.306" />

		<Point
			coord="1869.371 984.785" />

		<Point
			coord="1867.721 1005.783" />
	</Path>

	<Path
		Name="naparn2_path01">
		<Point
			coord="3457.896 306.114" />

		<Point
			coord="2971.277 610.220" />

		<Point
			coord="2760.293 737.754" />
	</Path>

	<Path
		Name="naparn2_path02">
		<Point
			coord="2743.949 766.195" />

		<Point
			coord="2750.985 791.860" />

		<Point
			coord="2760.087 816.648" />

		<Point
			coord="2766.250 846.091" />

		<Point
			coord="2773.511 866.456" />

		<Point
			coord="2785.650 917.051" />

		<Point
			coord="2801.054 968.196" />

		<Point
			coord="2818.166 1038.563" />
	</Path>

	<Path
		Name="naparn3_path01">
		<Point
			coord="3459.604 316.744" />

		<Point
			coord="2979.483 617.317" />

		<Point
			coord="2766.296 749.106" />
	</Path>

	<Path
		Name="naparn3_path02">
		<Point
			coord="2757.883 761.702" />

		<Point
			coord="2763.829 790.258" />

		<Point
			coord="2766.712 816.385" />

		<Point
			coord="2767.144 844.069" />

		<Point
			coord="2779.182 884.812" />

		<Point
			coord="2800.592 958.862" />

		<Point
			coord="2809.836 993.166" />

		<Point
			coord="2818.928 1046.166" />
	</Path>

	<Path
		Name="robot01_path">
		<Point
			coord="1963.007 3359.557" />

		<Point
			coord="1948.048 3348.431" />

		<Point
			coord="1951.057 3303.874" />

		<Point
			coord="1968.532 3309.406" />
	</Path>

	<Path
		Name="robot02_path01">
		<Point
			coord="602.984 917.163" />

		<Point
			coord="634.101 929.517" />

		<Point
			coord="651.661 937.900" />

		<Point
			coord="668.022 948.484" />

		<Point
			coord="668.992 962.530" />
	</Path>

	<Path
		Name="robot02_path02">
		<Point
			coord="594.444 901.891" />

		<Point
			coord="633.734 921.565" />

		<Point
			coord="655.896 932.641" />

		<Point
			coord="670.380 944.343" />

		<Point
			coord="674.102 959.176" />
	</Path>

	<Path
		Name="robot03_path01">
		<Point
			coord="408.839 910.344" />

		<Point
			coord="422.521 899.029" />

		<Point
			coord="412.648 895.829" />

		<Point
			coord="402.260 910.616" />

		<Point
			coord="384.361 926.869" />

		<Point
			coord="360.505 950.544" />

		<Point
			coord="342.011 974.830" />

		<Point
			coord="314.621 1023.214" />
	</Path>

	<Path
		Name="robot03_path02">
		<Point
			coord="400.694 924.041" />

		<Point
			coord="409.984 909.258" />

		<Point
			coord="404.840 908.356" />

		<Point
			coord="406.653 891.179" />

		<Point
			coord="421.851 892.829" />

		<Point
			coord="416.666 902.770" />

		<Point
			coord="397.430 914.933" />

		<Point
			coord="366.736 942.709" />

		<Point
			coord="341.662 973.841" />

		<Point
			coord="330.124 993.019" />

		<Point
			coord="317.826 1017.304" />
	</Path>

	<Path
		Name="startPlayer_path01">
		<Point
			coord="3444.104 299.774" />

		<Point
			coord="3171.153 467.969" />

		<Point
			coord="2967.126 597.608" />

		<Point
			coord="2740.364 741.959" />
	</Path>

	<Path
		Name="startPlayer_path02">
		<Point
			coord="2689.990 770.650" />

		<Point
			coord="2611.079 806.983" />

		<Point
			coord="2562.698 824.172" />

		<Point
			coord="2493.018 843.195" />

		<Point
			coord="2416.685 858.827" />

		<Point
			coord="2348.050 868.266" />

		<Point
			coord="2262.466 875.762" />

		<Point
			coord="2228.811 876.958" />
	</Path>

	<Path
		Name="startPlayer_path03">
		<Point
			coord="2138.672 878.965" />

		<Point
			coord="2084.529 886.223" />

		<Point
			coord="2022.306 896.723" />

		<Point
			coord="1973.712 904.136" />

		<Point
			coord="1920.742 909.796" />
	</Path>

	<Path
		Name="startPlayer_path04">
		<Point
			coord="1898.774 912.392" />

		<Point
			coord="1873.262 937.704" />

		<Point
			coord="1852.728 987.574" />

		<Point
			coord="1855.494 1030.665" />

		<Point
			coord="1860.281 1088.507" />

		<Point
			coord="1861.408 1142.202" />
	</Path>

	<Path
		Name="startSam_path01">
		<Point
			coord="3460.195 310.193" />

		<Point
			coord="3175.011 488.108" />

		<Point
			coord="2975.967 612.899" />

		<Point
			coord="2749.860 751.590" />
	</Path>

	<Path
		Name="startSam_path02">
		<Point
			coord="2749.967 774.454" />

		<Point
			coord="2766.375 842.176" />

		<Point
			coord="2789.518 925.580" />

		<Point
			coord="2805.997 988.042" />

		<Point
			coord="2816.629 1027.550" />
	</Path>
</Paths>
